,1,2,3,4,5,6,7,8,9,10,11,Year
0,Pistons,41,872902,21290,96.4,41,17127,107.8,82,19209,101.2,2004
1,Mavericks,41,825594,20136,--,41,17452,113.6,82,18794,244.6,2004
2,Bulls,41,809177,19736,90.9,41,16517,106.9,82,18126,97.6,2004
3,76ers,41,788128,19222,94.0,41,17672,114.0,82,18447,102.6,2004
4,NY Knicks,41,785739,19164,99.4,41,17589,109.8,82,18376,104.1,2004
5,Jazz,41,785330,19154,96.2,41,16537,114.9,82,17845,104.0,2004
6,Lakers,41,777757,18969,98.4,41,19380,134.4,82,19175,113.8,2004
7,Raptors,41,750608,18307,92.5,41,16480,105.8,82,17394,98.3,2004
8,Cavaliers,41,749790,18287,88.9,41,18755,121.2,82,18521,102.8,2004
9,Spurs,41,739706,18041,97.5,41,17347,119.9,82,17694,107.4,2004
10,Timberwolves,41,723071,17635,92.8,41,17862,123.7,82,17749,106.1,2004
11,Nuggets,41,721476,17596,--,41,17184,111.8,82,17390,226.4,2004
12,Kings,41,709997,17317,100.0,41,17813,122.7,82,17565,110.3,2004
13,Bucks,41,690180,16833,89.9,41,16213,104.1,82,16523,96.4,2004
14,Trail Blazers,41,684038,16683,83.5,41,16282,113.1,82,16483,95.9,2004
15,Pacers,41,678326,16544,90.2,41,17710,113.6,82,17127,101.0,2004
16,Suns,41,670385,16350,86.0,41,16461,114.0,82,16406,98.1,2004
17,Warriors,41,665648,16235,82.9,41,15885,110.2,82,16060,94.5,2004
18,Clippers,41,665396,16229,--,41,16258,108.8,82,16243,217.3,2004
19,Celtics,41,664248,16201,87.0,41,16955,109.3,82,16578,97.1,2004
20,Wizards,41,645363,15740,--,41,16008,96.9,82,15874,192.3,2004
21,Rockets,41,640794,15629,84.5,41,17768,122.9,82,16698,101.3,2004
22,Thunder,41,625474,15255,91.6,41,16842,115.9,82,16049,102.9,2004
23,Heat,41,624809,15239,77.8,41,16524,106.5,82,15881,90.4,2004
24,Grizzlies,41,622723,15188,--,41,16695,108.7,82,15941,207.5,2004
25,Nets,41,613051,14952,74.8,41,17358,111.9,82,16155,91.0,2004
26,Magic,41,589144,14369,83.3,41,16793,107.5,82,15581,94.8,2004
27,Pelicans,41,587613,14332,83.3,41,16679,106.6,82,15505,94.4,2004
28,Hawks,41,565728,13798,--,41,16282,98.9,82,15040,182.7,2004
29,Pistons,41,905116,22076,100.0,41,17868,110.8,82,19972,104.6,2005
30,Bulls,41,828384,20204,93.1,41,17334,107.2,82,18769,99.1,2005
31,Mavericks,41,822533,20061,--,41,17259,105.8,82,18660,228.8,2005
32,Heat,41,815143,19881,101.4,41,18891,116.3,82,19386,108.2,2005
33,NY Knicks,41,800144,19515,101.2,41,17540,104.7,82,18528,102.8,2005
34,Cavaliers,41,784249,19128,93.0,41,18275,109.5,82,18701,100.4,2005
35,Lakers,41,770494,18792,97.5,41,18810,121.8,82,18801,108.3,2005
36,Jazz,41,769014,18756,94.2,41,16923,109.7,82,17839,101.0,2005
37,Spurs,41,750970,18316,99.0,41,17419,113.0,82,17868,105.4,2005
38,76ers,41,732686,17870,87.4,41,17933,111.6,82,17902,98.1,2005
39,Suns,41,726066,17708,93.1,41,17570,114.1,82,17639,102.5,2005
40,Nuggets,41,723949,17657,--,41,17506,101.4,82,17582,203.7,2005
41,Kings,41,709997,17317,100.0,41,17702,110.9,82,17509,105.2,2005
42,Wizards,41,705069,17196,--,41,16862,98.5,82,17029,198.9,2005
43,Timberwolves,41,704438,17181,90.4,41,17874,116.0,82,17527,101.9,2005
44,Raptors,41,703388,17155,86.6,41,16677,100.1,82,16916,92.8,2005
45,Pacers,41,696764,16994,92.6,41,16895,104.3,82,16944,98.1,2005
46,Clippers,41,696181,16980,--,41,16735,99.3,82,16857,200.1,2005
47,Grizzlies,41,691362,16862,91.6,41,16621,107.4,82,16742,98.8,2005
48,Trail Blazers,41,680374,16594,83.1,41,16658,108.4,82,16626,94.1,2005
49,Thunder,41,675490,16475,96.5,41,17029,109.5,82,16752,102.7,2005
50,Warriors,41,670368,16350,83.4,41,16708,108.7,82,16529,94.5,2005
51,Rockets,41,663444,16181,87.5,41,18183,111.1,82,17182,98.6,2005
52,Celtics,41,656081,16001,85.9,41,17216,105.1,82,16609,94.9,2005
53,Bucks,41,637009,15536,83.0,41,16651,99.4,82,16094,90.8,2005
54,Nets,41,618681,15089,75.5,41,16624,102.9,82,15857,87.7,2005
55,Magic,41,597942,14583,84.6,41,17510,106.9,82,16047,95.4,2005
56,Hornets,41,591701,14431,60.6,41,16717,104.7,82,15574,78.3,2005
57,Hawks,41,586390,14302,--,41,16730,97.2,82,15516,180.3,2005
58,Pelicans,41,583070,14221,82.7,41,16690,107.6,82,15456,94.5,2005
59,Pistons,41,905116,22076,100.0,41,18637,123.9,82,20356,109.7,2006
60,Bulls,41,868720,21188,97.6,41,17397,119.6,82,19292,106.4,2006
61,Mavericks,41,824693,20114,--,41,17591,118.0,82,18853,252.9,2006
62,Heat,41,818149,19954,101.8,41,18991,129.5,82,19473,113.7,2006
63,Cavaliers,41,792391,19326,94.0,41,18800,124.5,82,19063,106.9,2006
64,NY Knicks,41,776176,18931,98.2,41,17572,120.2,82,18251,107.7,2006
65,Lakers,41,774189,18882,97.9,41,18812,130.1,82,18847,111.7,2006
66,Spurs,41,770677,18797,101.6,41,18376,130.3,82,18586,114.0,2006
67,Jazz,41,751621,18332,92.1,41,17048,122.1,82,17690,104.5,2006
68,Warriors,41,749185,18272,93.2,41,16775,112.7,82,17524,101.6,2006
69,Pelicans,41,744920,18168,1443.6,41,16659,105.2,82,17414,203.7,2006
70,Suns,41,730179,17809,93.6,41,17694,126.4,82,17751,107.5,2006
71,Clippers,41,712409,17375,--,41,16944,110.6,82,17160,223.9,2006
72,Kings,41,709997,17317,100.0,41,17101,117.9,82,17209,108.1,2006
73,Wizards,41,705062,17196,--,41,17291,110.7,82,17244,220.7,2006
74,Nuggets,41,702645,17137,--,41,17637,115.0,82,17387,226.6,2006
75,Raptors,41,699332,17056,86.1,41,16595,109.9,82,16826,96.4,2006
76,Celtics,41,692873,16899,90.7,41,17920,117.9,82,17409,102.9,2006
77,Nets,41,691543,16866,84.4,41,17710,120.3,82,17288,99.6,2006
78,Bucks,41,681337,16617,88.8,41,17119,112.8,82,16868,99.5,2006
79,76ers,41,677278,16518,80.8,41,18627,123.9,82,17573,99.1,2006
80,Hornets,41,671011,16366,--,41,17117,109.7,82,16741,214.7,2006
81,Thunder,41,664157,16198,94.9,41,17195,118.3,82,16697,105.7,2006
82,Pacers,41,663368,16179,88.2,41,17624,119.4,82,16902,102.1,2006
83,Timberwolves,41,662167,16150,85.0,41,17421,120.2,82,16785,100.2,2006
84,Grizzlies,41,647533,15793,85.8,41,17211,123.1,82,16502,101.9,2006
85,Magic,41,638005,15561,90.2,41,17084,116.2,82,16322,102.2,2006
86,Rockets,41,636110,15514,83.9,41,17554,125.5,82,16534,101.8,2006
87,Hawks,41,617942,15071,--,41,17067,109.5,82,16069,206.2,2006
88,Trail Blazers,41,617019,15049,75.3,41,17144,118.9,82,16097,93.6,2006
89,Bulls,41,912364,22252,102.5,41,18153,113.4,82,20202,107.1,2007
90,Pistons,41,905116,22076,100.0,41,18001,109.6,82,20038,104.1,2007
91,Cavaliers,41,837883,20436,99.4,41,18940,117.9,82,19688,107.5,2007
92,Mavericks,41,834411,20351,--,41,17821,106.6,82,19086,228.3,2007
93,Heat,41,808541,19720,100.6,41,18945,118.4,82,19332,108.6,2007
94,Jazz,41,802214,19566,98.3,41,17501,110.6,82,18533,103.7,2007
95,Lakers,41,778415,18985,98.5,41,18917,123.4,82,18951,109.5,2007
96,NY Knicks,41,771017,18805,97.5,41,17984,111.9,82,18394,104.0,2007
97,Spurs,41,764823,18654,100.8,41,17464,110.3,82,18059,105.2,2007
98,Suns,41,755302,18422,96.8,41,18541,120.1,82,18481,107.2,2007
99,Clippers,41,755261,18421,--,41,17406,103.5,82,17913,213.0,2007
100,Wizards,41,753283,18372,--,41,17270,101.5,82,17821,209.4,2007
101,Raptors,41,748603,18258,92.2,41,17347,107.7,82,17802,99.2,2007
102,Warriors,41,742267,18104,92.4,41,17012,107.4,82,17558,99.1,2007
103,Pelicans,41,731165,17833,92.3,41,16981,110.6,82,17407,100.4,2007
104,Kings,41,709997,17317,100.0,41,17282,112.0,82,17299,105.7,2007
105,Nuggets,41,706437,17230,--,41,18163,111.1,82,17696,216.4,2007
106,Magic,41,700887,17094,99.1,41,17470,108.5,82,17282,103.6,2007
107,Nets,41,693955,16925,84.7,41,17870,108.0,82,17398,95.2,2007
108,Celtics,41,690576,16843,90.4,41,17570,109.2,82,17206,99.1,2007
109,Rockets,41,678362,16545,89.4,41,18187,118.0,82,17366,102.4,2007
110,Trail Blazers,41,670778,16360,81.9,41,17558,114.5,82,16959,96.0,2007
111,Bucks,41,663629,16186,86.5,41,17350,107.8,82,16768,96.4,2007
112,Timberwolves,41,655947,15998,84.2,41,17894,112.6,82,16946,97.1,2007
113,Thunder,41,654163,15955,93.5,41,17445,112.5,82,16700,102.5,2007
114,Hawks,41,639375,15594,--,41,17170,100.7,82,16382,192.2,2007
115,Hornets,41,637520,15549,81.7,41,17477,108.5,82,16513,94.0,2007
116,Pacers,41,629750,15359,83.7,41,17802,107.2,82,16581,94.9,2007
117,76ers,41,608603,14843,72.6,41,17849,108.5,82,16346,88.6,2007
118,Grizzlies,41,600836,14654,79.6,41,17336,112.0,82,15995,94.4,2007
119,Pistons,41,905116,22076,100.0,41,17714,111.5,82,19895,104.8,2008
120,Bulls,41,901502,21987,101.3,41,17353,106.0,82,19670,103.3,2008
121,Cavaliers,41,839074,20465,99.5,41,17992,112.9,82,19228,105.4,2008
122,Mavericks,41,831738,20286,--,41,17716,105.9,82,19001,227.2,2008
123,Jazz,41,816211,19907,100.0,41,17215,112.9,82,18561,105.6,2008
124,Warriors,41,804864,19630,100.2,41,17255,112.6,82,18443,105.6,2008
125,Trail Blazers,41,801566,19550,97.8,41,16700,109.4,82,18125,102.9,2008
126,Heat,41,798004,19463,99.3,41,17503,109.8,82,18483,104.0,2008
127,Raptors,41,796835,19435,98.2,41,16653,103.6,82,18044,100.6,2008
128,NY Knicks,41,783739,19115,99.1,41,17429,108.9,82,18272,103.5,2008
129,Lakers,41,778877,18997,98.5,41,18671,118.5,82,18834,107.5,2008
130,Celtics,41,763584,18624,100.0,41,19042,115.6,82,18833,107.3,2008
131,Spurs,41,761149,18564,100.3,41,17954,113.9,82,18259,106.6,2008
132,Suns,41,755302,18422,96.8,41,18046,114.7,82,18234,104.9,2008
133,Wizards,41,736461,17962,--,41,16774,99.2,82,17368,205.4,2008
134,Rockets,41,718524,17524,94.7,41,17527,114.5,82,17526,103.7,2008
135,Nuggets,41,711962,17364,--,41,18115,111.1,82,17740,217.6,2008
136,Magic,41,709346,17301,100.3,41,17540,108.4,82,17420,104.2,2008
137,Clippers,41,692408,16888,--,41,16628,102.6,82,16758,206.8,2008
138,Hawks,41,667518,16280,--,41,16853,99.5,82,16567,195.7,2008
139,Nets,41,641921,15656,78.3,41,17610,107.3,82,16633,91.4,2008
140,Bucks,41,639421,15595,83.3,41,16738,103.9,82,16167,92.8,2008
141,76ers,41,609675,14870,72.7,41,17231,107.7,82,16050,88.1,2008
142,Hornets,41,603403,14717,77.4,41,17294,107.9,82,16005,91.3,2008
143,Timberwolves,41,593537,14476,76.2,41,16801,106.7,82,15639,90.0,2008
144,Pelicans,41,581432,14181,82.4,41,16905,109.7,82,15543,95.3,2008
145,Kings,41,580181,14150,81.7,41,17209,111.6,82,15680,95.8,2008
146,Thunder,41,547556,13355,78.2,41,17158,108.2,82,15257,92.7,2008
147,Grizzlies,41,523578,12770,69.4,41,16985,111.0,82,14877,88.3,2008
148,Pacers,41,501092,12221,66.6,41,17217,103.9,82,14719,84.3,2008
149,Pistons,41,896971,21877,99.1,41,18024,93.6,82,19950,96.5,2009
150,Bulls,40,847903,21197,97.6,41,17558,93.6,81,19355,95.7,2009
151,Trail Blazers,41,841499,20524,102.7,40,17167,89.8,81,18866,96.5,2009
152,Mavericks,41,821723,20042,104.4,41,17102,89.6,82,18572,97.0,2009
153,Cavaliers,41,820439,20010,97.3,41,18899,97.9,82,19455,97.6,2009
154,Jazz,41,816042,19903,100.0,41,17038,89.2,82,18470,94.7,2009
155,NY Knicks,41,790801,19287,97.6,40,17729,91.7,81,18518,94.7,2009
156,Lakers,41,778877,18997,99.7,40,19268,100.8,81,19130,100.2,2009
157,Warriors,41,776660,18942,96.7,41,16942,88.8,82,17942,92.8,2009
158,Raptors,41,769707,18773,94.8,41,16785,87.1,82,17779,91.0,2009
159,Thunder,40,747732,18693,97.7,41,16679,87.2,81,17674,92.4,2009
160,Celtics,41,763584,18624,100.0,41,18975,98.2,82,18799,99.1,2009
161,Suns,41,755302,18422,100.0,41,18122,94.6,82,18272,97.3,2009
162,Spurs,41,749048,18269,97.2,40,17626,92.3,81,17951,94.8,2009
163,Heat,40,729178,18229,93.0,41,18150,93.7,81,18189,93.4,2009
164,Rockets,40,699280,17482,96.9,41,17589,91.7,81,17536,94.2,2009
165,Nuggets,41,706165,17223,89.9,41,17227,90.2,82,17225,90.1,2009
166,Magic,41,698768,17043,97.6,40,17900,92.0,81,17466,94.7,2009
167,Pelicans,41,695727,16968,98.7,40,17702,92.2,81,17331,95.3,2009
168,Hawks,41,686688,16748,89.4,41,17303,89.6,82,17025,89.5,2009
169,Wizards,41,681117,16612,82.4,41,17157,88.7,82,16884,85.4,2009
170,Clippers,40,646830,16170,84.8,41,17202,89.9,81,16692,87.4,2009
171,76ers,41,647898,15802,79.7,40,17358,89.5,81,16570,84.5,2009
172,Bucks,41,630976,15389,82.2,41,16947,87.3,82,16168,84.8,2009
173,Nets,41,621062,15147,75.8,41,17586,91.0,82,16367,83.3,2009
174,Hornets,40,581049,14526,76.3,41,17310,89.5,81,15935,83.0,2009
175,Timberwolves,41,594743,14505,74.9,40,16845,88.1,81,15661,81.4,2009
176,Pacers,41,581472,14182,78.1,41,16628,85.7,82,15405,82.0,2009
177,Grizzlies,40,509806,12745,70.3,41,17101,89.3,81,14949,80.2,2009
178,Kings,40,502852,12571,72.6,41,17227,89.8,81,14928,81.7,2009
179,Bulls,41,849760,20725,99.1,41,17735,92.2,82,19230,95.8,2010
180,Cavaliers,41,843042,20562,100.0,41,19200,100.2,82,19881,100.1,2010
181,Trail Blazers,41,840411,20497,102.6,41,16546,87.2,82,18521,95.1,2010
182,Mavericks,41,819770,19994,104.1,41,17129,90.2,82,18561,97.2,2010
183,NY Knicks,41,799550,19501,98.7,41,17315,90.0,82,18408,94.4,2010
184,Jazz,41,794512,19378,97.3,41,17095,89.9,82,18237,93.7,2010
185,Lakers,41,778877,18997,99.7,41,19265,101.2,82,19131,100.4,2010
186,Pistons,41,768826,18751,84.9,41,17104,89.4,82,17928,87.0,2010
187,Celtics,41,744961,18169,97.6,41,18154,93.9,82,18161,95.7,2010
188,Spurs,41,741676,18089,97.4,41,17707,93.2,82,17898,95.3,2010
189,Warriors,41,739120,18027,92.0,41,16443,86.7,82,17235,89.4,2010
190,Thunder,41,738149,18003,98.9,41,16876,88.3,82,17440,93.5,2010
191,Nuggets,41,737812,17995,93.9,41,17446,91.9,82,17720,92.9,2010
192,Raptors,41,733784,17897,90.4,41,16466,85.9,82,17181,88.2,2010
193,Heat,41,726935,17730,90.5,41,18040,93.8,82,17885,92.1,2010
194,Suns,41,723582,17648,95.8,41,17376,91.4,82,17512,93.5,2010
195,Magic,41,715901,17461,100.0,41,17838,92.2,82,17649,95.9,2010
196,Hawks,41,678375,16545,88.3,41,17097,88.5,82,16821,88.4,2010
197,Rockets,41,677658,16528,91.6,41,16616,87.3,82,16572,89.4,2010
198,Clippers,41,670063,16343,85.7,41,16225,85.3,82,16284,85.5,2010
199,Wizards,41,664398,16204,80.3,41,16487,86.1,82,16346,83.1,2010
200,Hornets,41,648790,15824,82.9,41,16256,84.7,82,16040,83.8,2010
201,Pelicans,41,620366,15130,88.5,41,17168,89.8,82,16149,89.2,2010
202,Bucks,41,619453,15108,80.7,41,16823,87.2,82,15965,84.0,2010
203,Timberwolves,41,619170,15101,78.0,41,16112,84.8,82,15607,81.4,2010
204,76ers,41,583219,14224,70.0,41,16889,88.0,82,15556,78.7,2010
205,Pacers,41,582295,14202,78.2,41,16955,87.9,82,15578,83.2,2010
206,Grizzlies,41,552914,13485,74.4,41,16691,87.6,82,15088,81.2,2010
207,Kings,41,543416,13254,76.5,41,16973,88.9,82,15113,83.0,2010
208,Nets,41,537230,13103,69.1,41,16446,85.4,82,14774,77.3,2010
209,Bulls,41,893462,21791,104.2,41,18431,96.1,82,20111,100.3,2011
210,Trail Blazers,41,840924,20510,102.7,41,16333,86.0,82,18422,94.5,2011
211,Cavaliers,41,824595,20112,97.8,41,16200,84.1,82,18156,91.2,2011
212,Mavericks,41,824162,20101,104.7,41,16657,87.7,82,18379,96.2,2011
213,Heat,41,810930,19778,100.9,41,19447,100.9,82,19612,100.9,2011
214,NY Knicks,41,808879,19728,99.8,41,18044,93.9,82,18886,96.9,2011
215,Jazz,41,799982,19511,98.0,41,17331,91.2,82,18421,94.7,2011
216,Lakers,41,778877,18997,99.7,41,19087,100.2,82,19042,99.9,2011
217,Magic,41,777852,18972,102.6,41,17428,90.5,82,18200,96.4,2011
218,Warriors,41,766398,18692,95.4,41,17049,89.6,82,17871,92.5,2011
219,Celtics,41,763584,18624,100.0,41,18964,98.0,82,18794,99.0,2011
220,Spurs,41,750879,18314,98.6,41,17389,91.1,82,17851,94.8,2011
221,Thunder,41,744068,18148,99.7,41,17774,93.4,82,17961,96.5,2011
222,Clippers,41,727462,17742,93.1,41,17614,92.7,82,17678,92.9,2011
223,Suns,41,720249,17567,95.4,41,17462,91.6,82,17514,93.5,2011
224,Nuggets,41,692968,16901,88.2,41,17285,90.8,82,17093,89.5,2011
225,Wizards,41,688466,16791,83.2,41,17192,89.2,82,16992,86.1,2011
226,Pistons,41,683080,16660,75.5,41,16732,87.5,82,16696,81.1,2011
227,Raptors,41,679208,16566,83.7,41,16855,91.9,82,16710,87.6,2011
228,Rockets,41,663839,16191,89.7,41,16943,88.9,82,16567,89.3,2011
229,Hornets,41,649694,15846,83.1,41,16473,85.5,82,16159,84.3,2011
230,Hawks,41,641596,15648,83.6,41,16957,87.9,82,16303,85.7,2011
231,Bucks,41,631910,15412,82.3,41,16911,87.4,82,16162,84.9,2011
232,Timberwolves,41,624960,15242,78.8,41,16885,88.5,82,16064,83.6,2011
233,76ers,41,604823,14751,72.6,41,17155,89.5,82,15953,80.8,2011
234,Pelicans,41,603088,14709,86.1,41,17179,89.9,82,15944,88.1,2011
235,Grizzlies,41,600687,14650,80.9,41,16441,86.4,82,15546,83.7,2011
236,Nets,41,581378,14179,80.6,41,17098,88.4,82,15639,84.7,2011
237,Kings,41,569496,13890,80.2,41,17400,91.2,82,15645,86.0,2011
238,Pacers,41,555077,13538,74.5,41,16844,87.0,82,15191,81.0,2011
239,Bulls,33,731326,22161,105.9,33,17989,93.5,66,20075,100.0,2012
240,Trail Blazers,33,676384,20496,102.6,33,17164,90.7,66,18830,96.8,2012
241,Mavericks,33,671050,20334,105.9,33,17712,93.0,66,19023,99.5,2012
242,Heat,33,657855,19935,101.7,33,19399,99.7,66,19667,100.7,2012
243,NY Knicks,33,652179,19763,100.0,33,18407,95.6,66,19085,97.8,2012
244,Jazz,33,637124,19306,97.0,33,16929,89.8,66,18118,93.5,2012
245,Clippers,33,634237,19219,100.8,33,18342,96.8,66,18781,98.8,2012
246,Lakers,33,626901,18997,99.7,33,19034,100.1,66,19015,99.9,2012
247,Magic,33,623587,18896,102.1,33,17161,88.6,66,18028,95.2,2012
248,Warriors,33,622311,18857,96.2,33,16364,86.1,66,17611,91.2,2012
249,Celtics,33,614592,18624,100.0,33,18288,94.3,66,18456,97.1,2012
250,Spurs,33,607095,18396,99.0,33,16990,89.8,66,17693,94.4,2012
251,Thunder,33,600699,18203,100.0,33,18031,95.4,66,18117,97.6,2012
252,76ers,33,577597,17502,86.1,33,16764,86.8,66,17133,86.5,2012
253,Timberwolves,33,577197,17490,90.4,33,16310,86.6,66,16900,88.5,2012
254,Nuggets,33,561966,17029,88.9,33,17228,91.1,66,17128,90.0,2012
255,Raptors,33,555584,16835,85.0,33,16732,86.3,66,16784,85.6,2012
256,Wizards,33,552038,16728,82.9,33,16361,84.8,66,16544,83.8,2012
257,Cavaliers,33,525577,15926,77.5,33,16723,86.5,66,16324,81.9,2012
258,Grizzlies,33,518256,15704,86.7,33,17068,89.9,66,16386,88.3,2012
259,Suns,33,514718,15597,84.7,33,17806,94.5,66,16702,89.6,2012
260,Rockets,33,506994,15363,85.1,33,17733,93.2,66,16548,89.3,2012
261,Hawks,33,501593,15199,81.2,33,16820,87.1,66,16010,84.2,2012
262,Pelicans,33,498618,15109,88.4,33,16717,87.9,66,15913,88.1,2012
263,Hornets,33,486984,14757,77.4,33,16534,85.5,66,15645,81.5,2012
264,Bucks,33,485717,14718,78.6,33,16661,85.4,66,15689,82.1,2012
265,Kings,33,478764,14508,83.8,33,16905,87.9,66,15706,85.9,2012
266,Pistons,33,475638,14413,65.3,33,16342,85.3,66,15378,74.6,2012
267,Pacers,33,467561,14168,78.0,33,16597,85.9,66,15382,82.1,2012
268,Nets,33,460719,13961,75.5,33,17081,87.9,66,15521,81.8,2012
269,Bulls,41,896944,21876,104.6,41,18144,94.4,82,20010,99.7,2013
270,Mavericks,41,821490,20036,104.4,41,17613,94.3,82,18824,99.4,2013
271,Heat,41,819290,19982,102.0,41,19090,101.1,82,19536,101.5,2013
272,Trail Blazers,41,813012,19829,102.0,41,16727,89.5,82,18278,95.9,2013
273,Warriors,41,794320,19373,107.3,41,17204,91.9,82,18288,99.4,2013
274,Clippers,41,788293,19226,100.9,41,17806,93.4,82,18516,97.1,2013
275,NY Knicks,41,780353,19033,96.3,41,18271,94.6,82,18652,95.4,2013
276,Lakers,41,778877,18997,99.6,41,18866,100.9,82,18931,100.3,2013
277,Jazz,41,765915,18680,93.8,41,16769,88.3,82,17724,91.1,2013
278,Celtics,40,744960,18624,100.0,41,17768,91.8,81,18191,95.8,2013
279,Spurs,41,755700,18431,99.2,41,17290,90.6,82,17861,94.9,2013
280,Thunder,41,746323,18203,100.0,41,18335,97.8,82,18269,98.9,2013
281,Raptors,41,743936,18144,91.6,41,16313,84.8,82,17229,88.3,2013
282,Nuggets,41,730616,17819,93.0,41,17401,91.1,82,17610,92.1,2013
283,Magic,41,721414,17595,93.4,41,16821,86.8,82,17208,90.0,2013
284,Nets,41,704702,17187,94.9,41,17239,89.1,82,17213,91.9,2013
285,76ers,41,685412,16717,82.2,41,17323,90.2,82,17020,86.1,2013
286,Rockets,41,683564,16672,92.4,41,17982,94.0,82,17327,93.2,2013
287,Grizzlies,41,681613,16624,91.8,41,17194,90.0,82,16909,90.9,2013
288,Wizards,41,670070,16343,80.6,41,16193,84.1,82,16268,82.3,2013
289,Timberwolves,41,669956,16340,84.4,41,17034,89.3,82,16687,86.9,2013
290,Cavaliers,41,663882,16192,83.3,41,16780,89.1,82,16486,86.2,2013
291,Suns,41,632913,15436,83.8,41,17152,89.7,82,16294,86.8,2013
292,Hornets,41,628293,15324,80.3,41,16502,85.6,82,15913,83.0,2013
293,Pacers,41,626069,15269,84.1,40,17061,87.9,81,16154,86.0,2013
294,Hawks,41,620146,15125,80.8,41,17165,89.0,82,16145,84.9,2013
295,Bucks,41,616469,15035,86.7,41,16919,89.2,82,15977,88.0,2013
296,Pistons,41,606094,14782,72.7,41,16885,89.3,82,15834,80.7,2013
297,Pelicans,41,565930,13803,81.8,41,17254,91.8,82,15528,87.1,2013
298,Kings,41,563743,13749,79.4,41,17305,90.3,82,15527,85.1,2013
299,Bulls,41,890370,21716,103.8,41,17551,91.1,82,19634,97.7,2014
300,Mavericks,41,817982,19950,103.9,41,17268,90.8,82,18609,97.4,2014
301,NY Knicks,41,812292,19812,100.0,41,17422,90.3,82,18617,95.2,2014
302,Heat,41,811036,19781,100.9,41,19190,99.3,82,19486,100.1,2014
303,Trail Blazers,41,809612,19746,95.0,41,17312,91.1,82,18529,93.1,2014
304,Warriors,41,803436,19596,100.0,41,17526,92.0,82,18561,96.1,2014
305,Clippers,41,787692,19212,100.8,41,17218,90.4,82,18215,95.6,2014
306,Lakers,41,771974,18828,98.8,41,17845,93.6,82,18337,96.2,2014
307,Spurs,41,755031,18415,99.1,41,17627,92.2,82,18021,95.6,2014
308,Raptors,41,748339,18252,92.2,41,16702,86.8,82,17477,89.5,2014
309,Thunder,41,746323,18203,100.0,41,18170,95.2,82,18186,97.5,2014
310,Jazz,41,745203,18175,91.3,41,17295,90.6,82,17735,91.0,2014
311,Rockets,41,743082,18123,100.4,41,17427,91.1,82,17775,95.7,2014
312,Celtics,41,742400,18107,97.2,41,17484,90.5,82,17796,93.8,2014
313,Pacers,41,717542,17501,97.6,41,17872,94.6,82,17686,96.1,2014
314,Cavaliers,41,710522,17329,84.3,41,17388,90.4,82,17358,87.2,2014
315,Nets,41,707331,17251,95.3,41,17528,90.6,82,17390,92.9,2014
316,Wizards,41,698068,17026,84.0,41,17183,89.2,82,17104,86.5,2014
317,Nuggets,41,692898,16899,88.2,41,17211,90.3,82,17055,89.2,2014
318,Grizzlies,41,685458,16718,92.3,41,17269,90.5,82,16993,91.4,2014
319,Pelicans,41,672029,16390,95.4,41,17397,90.8,82,16894,93.0,2014
320,Kings,41,667949,16291,94.1,41,16859,88.0,82,16575,90.9,2014
321,Magic,41,666046,16245,86.2,41,16583,86.1,82,16414,86.1,2014
322,Suns,41,650739,15871,86.2,41,17250,90.3,82,16560,88.3,2014
323,Hornets,41,636268,15518,81.3,41,17026,90.0,82,16272,85.7,2014
324,Pistons,41,615238,15005,68.0,41,17280,90.1,82,16143,78.3,2014
325,Timberwolves,41,597157,14564,75.2,41,17605,92.1,82,16085,83.6,2014
326,Hawks,41,587927,14339,76.6,41,17274,89.5,82,15807,83.2,2014
327,76ers,41,568632,13869,68.2,41,17441,90.5,82,15655,79.1,2014
328,Bucks,41,552967,13487,72.1,41,17013,87.7,82,15250,80.0,2014
329,Bulls,41,875091,21343,102.0,41,18404,95.7,82,19874,99.0,2015
330,Cavaliers,41,843042,20562,100.0,41,18915,98.3,82,19738,99.2,2015
331,Mavericks,41,827702,20187,105.1,41,17653,92.7,82,18920,98.9,2015
332,NY Knicks,41,812292,19812,100.0,41,17462,90.7,82,18637,95.4,2015
333,Raptors,41,809824,19751,99.8,41,17522,90.9,82,18637,95.4,2015
334,Heat,41,808223,19712,100.6,41,17703,92.0,82,18708,96.3,2015
335,Warriors,41,803436,19596,100.0,41,18312,96.2,82,18954,98.1,2015
336,Trail Blazers,41,801733,19554,94.0,41,17657,92.9,82,18605,93.5,2015
337,Clippers,41,785892,19168,100.6,41,18079,94.7,82,18623,97.6,2015
338,Jazz,41,772059,18830,94.6,41,17135,90.0,82,17982,92.4,2015
339,Lakers,41,768244,18737,98.3,41,17875,93.6,82,18306,95.9,2015
340,Spurs,41,762855,18606,100.1,41,17972,94.1,82,18289,97.1,2015
341,Wizards,41,747796,18238,89.9,41,18253,95.0,82,18246,92.4,2015
342,Rockets,41,747412,18229,101.0,41,17969,94.0,82,18099,97.4,2015
343,Thunder,41,746323,18203,100.0,41,17956,93.9,82,18079,96.9,2015
344,Celtics,41,721350,17593,94.5,41,17741,91.9,82,17667,93.2,2015
345,Hawks,41,713909,17412,93.0,41,17582,90.8,82,17497,91.9,2015
346,Grizzlies,41,710502,17329,95.6,41,18017,94.4,82,17673,95.0,2015
347,Hornets,41,704886,17192,90.1,41,17654,91.1,82,17423,90.6,2015
348,Nets,41,698529,17037,94.1,41,18039,92.9,82,17538,93.5,2015
349,Suns,41,693862,16923,91.9,41,17586,92.1,82,17254,92.0,2015
350,Pacers,41,691434,16864,92.8,41,17892,92.4,82,17378,92.6,2015
351,Magic,41,688194,16785,89.1,41,17585,91.2,82,17185,90.1,2015
352,Pelicans,41,683757,16677,97.0,41,17640,92.1,82,17158,94.5,2015
353,Kings,41,680049,16586,95.8,41,17515,91.7,82,17050,93.6,2015
354,Pistons,41,625917,15266,69.2,41,17866,93.0,82,16566,80.3,2015
355,Bucks,41,611226,14907,79.6,41,17180,88.8,82,16044,84.3,2015
356,Nuggets,41,602707,14700,76.7,41,17437,91.5,82,16068,84.1,2015
357,Timberwolves,41,595652,14528,75.1,41,18000,94.2,82,16264,84.6,2015
358,76ers,41,571572,13940,68.6,41,17665,91.8,82,15802,79.9,2015
359,Bulls,41,894659,21820,104.3,41,18156,94.5,82,19988,99.6,2016
360,Cavaliers,41,843042,20562,100.0,41,18910,98.2,82,19736,99.1,2016
361,Mavericks,41,825901,20143,104.9,41,17727,93.4,82,18935,99.2,2016
362,Raptors,41,812863,19825,100.1,41,17162,89.2,82,18494,94.8,2016
363,NY Knicks,41,812292,19812,100.0,41,18440,96.0,82,19126,98.0,2016
364,Heat,41,809350,19740,100.7,41,18044,93.9,82,18892,97.3,2016
365,Warriors,41,803436,19596,100.0,41,19134,100.5,82,19365,100.3,2016
366,Trail Blazers,41,794085,19367,99.6,41,17703,93.3,82,18535,96.5,2016
367,Jazz,41,791489,19304,97.0,41,17378,91.6,82,18341,94.3,2016
368,Clippers,41,786910,19192,100.7,41,17792,93.6,82,18492,97.1,2016
369,Lakers,41,778877,18997,99.7,41,19149,100.9,82,19073,100.3,2016
370,Spurs,41,756445,18449,99.3,41,17938,94.4,82,18194,96.8,2016
371,Celtics,41,749076,18270,98.1,41,17439,90.5,82,17854,94.2,2016
372,Thunder,41,746323,18203,100.0,41,18258,95.6,82,18230,97.8,2016
373,Rockets,41,737244,17981,99.7,41,17740,93.3,82,17861,96.4,2016
374,Wizards,41,725426,17693,87.3,41,17787,92.4,82,17740,89.8,2016
375,Magic,41,719275,17543,93.1,41,17175,89.2,82,17359,91.1,2016
376,Hornets,41,716894,17485,91.7,41,17784,92.4,82,17634,92.0,2016
377,Kings,41,707526,17256,99.7,41,17355,91.0,82,17306,95.1,2016
378,Suns,41,701405,17107,92.9,41,16881,88.7,82,16994,90.7,2016
379,Pacers,41,690733,16847,92.7,41,17851,92.3,82,17349,92.5,2016
380,Hawks,41,690150,16832,89.9,41,17611,91.0,82,17222,90.4,2016
381,Pelicans,41,688549,16793,97.7,41,17851,93.6,82,17322,95.5,2016
382,Grizzlies,41,684603,16697,92.2,41,17589,92.1,82,17143,92.1,2016
383,Pistons,41,677138,16515,74.8,41,17814,93.0,82,17164,83.3,2016
384,Bucks,41,621808,15166,81.0,41,17623,91.4,82,16394,86.3,2016
385,Nets,41,620142,15125,83.6,41,18106,93.6,82,16615,88.8,2016
386,76ers,41,610121,14881,73.2,41,17491,90.7,82,16186,81.7,2016
387,Timberwolves,41,581178,14175,73.2,41,17831,94.0,82,16003,83.5,2016
388,Nuggets,41,577898,14095,73.6,41,17751,93.2,82,15923,83.3,2016
389,Bulls,41,888882,21680,103.6,41,18033,94.0,82,19856,99.0,2017
390,Cavaliers,41,843042,20562,100.0,41,19021,98.7,82,19791,99.4,2017
391,Raptors,41,813050,19830,100.2,41,17925,92.8,82,18878,96.5,2017
392,Mavericks,41,811366,19789,103.1,41,17519,91.9,82,18654,97.5,2017
393,NY Knicks,41,810741,19774,99.8,41,17927,94.6,82,18850,97.3,2017
394,Jazz,41,806605,19673,98.8,41,17212,90.5,82,18442,94.7,2017
395,Heat,41,805400,19643,100.2,41,17818,92.4,82,18731,96.3,2017
396,Warriors,41,803436,19596,100.0,41,19015,100.3,82,19305,100.2,2017
397,Trail Blazers,41,792029,19317,99.4,41,17555,92.2,82,18436,95.8,2017
398,Clippers,41,782609,19088,100.1,41,17889,94.1,82,18488,97.1,2017
399,Lakers,41,776917,18949,99.4,41,18191,95.6,82,18570,97.5,2017
400,Celtics,41,760690,18553,99.6,41,18313,94.6,82,18433,97.1,2017
401,Spurs,41,755347,18423,99.2,41,18131,95.4,82,18277,97.2,2017
402,Thunder,41,746323,18203,100.0,41,18373,96.4,82,18288,98.2,2017
403,Magic,41,727875,17753,94.2,41,17333,89.6,82,17543,91.8,2017
404,Kings,41,721928,17608,100.6,41,17489,91.4,82,17548,95.8,2017
405,Hornets,41,710643,17332,90.9,41,17563,91.3,82,17448,91.1,2017
406,76ers,41,710557,17330,85.3,41,17209,89.7,82,17269,87.4,2017
407,Suns,41,708639,17283,93.8,41,17618,92.5,82,17451,93.2,2017
408,Wizards,41,697107,17002,83.8,41,17949,93.5,82,17476,88.5,2017
409,Rockets,41,695903,16973,94.1,41,18140,95.3,82,17556,94.7,2017
410,Pacers,41,684578,16697,91.9,41,17848,92.1,82,17272,92.0,2017
411,Grizzlies,41,677314,16519,91.2,41,17655,92.7,82,17087,91.9,2017
412,Pelicans,41,663099,16173,94.1,41,18062,94.6,82,17118,94.4,2017
413,Pistons,41,655141,15979,72.4,41,17699,92.6,82,16839,81.8,2017
414,Hawks,41,654306,15958,85.2,41,17816,93.7,82,16887,89.5,2017
415,Bucks,41,648952,15828,84.6,41,17928,92.8,82,16878,88.8,2017
416,Nets,41,632608,15429,85.2,41,17755,92.1,82,16592,88.8,2017
417,Timberwolves,41,607203,14809,76.5,41,18113,95.4,82,16461,85.9,2017
418,Nuggets,41,605585,14770,77.1,41,17420,91.7,82,16095,84.4,2017
419,Bulls,41,851824,20776,99.3,41,18030,94.4,82,19403,97.0,2018
420,Cavaliers,41,843042,20562,100.0,41,19071,99.5,82,19825,99.8,2018
421,76ers,41,833503,20329,100.0,41,18012,93.6,82,19185,96.9,2018
422,Raptors,41,813431,19839,100.2,41,17673,92.0,82,18756,96.2,2018
423,Mavericks,41,811453,19791,103.1,41,17374,91.5,82,18597,97.4,2018
424,Heat,41,785250,19631,100.2,41,18177,94.5,82,18895,97.3,2018
425,Warriors,41,803436,19596,100.0,41,18884,99.6,82,19240,99.8,2018
426,Trail Blazers,41,795328,19398,99.8,41,17556,92.7,82,18477,96.3,2018
427,NY Knicks,41,792608,19331,97.6,41,18179,94.8,82,18762,96.2,2018
428,Lakers,41,776327,18934,99.3,41,18655,98.6,82,18796,99.0,2018
429,Celtics,41,744960,18624,100.0,41,18588,98.1,82,18606,99.0,2018
430,Spurs,41,754562,18403,99.0,41,18427,97.1,82,18415,98.1,2018
431,Thunder,41,746323,18203,100.0,41,18866,99.2,82,18534,99.6,2018
432,Wizards,41,718946,17973,88.6,41,17682,92.1,82,17826,90.3,2018
433,Jazz,41,734806,17922,90.0,41,17495,92.5,82,17708,91.2,2018
434,Rockets,41,716008,17900,99.2,41,18369,96.7,82,18137,97.9,2018
435,Magic,41,715728,17893,94.9,41,17651,91.9,82,17770,93.4,2018
436,Kings,41,649571,17555,100.3,41,17478,91.8,82,17515,95.7,2018
437,Pistons,41,713945,17413,82.9,41,17959,93.7,82,17686,88.1,2018
438,Nuggets,41,702796,17141,89.5,41,17871,94.0,82,17506,91.7,2018
439,Timberwolves,41,699308,17056,89.9,41,17850,93.8,82,17453,91.9,2018
440,Clippers,41,697812,17019,89.3,41,17735,93.7,82,17373,91.4,2018
441,Suns,41,674655,16866,91.6,41,17610,92.4,82,17243,92.0,2018
442,Bucks,41,685303,16714,89.3,41,18380,95.2,82,17547,92.3,2018
443,Pelicans,41,673920,16437,95.6,41,17911,93.9,82,17174,94.7,2018
444,Hornets,41,671404,16375,85.8,41,17623,91.6,82,16999,88.7,2018
445,Pacers,41,658119,16051,88.4,41,17749,91.8,82,16889,90.1,2018
446,Grizzlies,41,653863,15947,88.0,41,17348,91.2,82,16648,89.7,2018
447,Nets,41,622278,15556,87.7,41,17687,93.5,82,16622,90.7,2018
448,Hawks,41,590769,14409,76.9,41,17854,92.7,82,16088,84.7,2018
449,76ers,41,838092,20441,100.6,41,17895,94.3,82,19168,97.5,2019
450,Bulls,41,823475,20084,96.0,41,17822,94.7,82,18953,95.4,2019
451,Mavericks,41,820569,20013,104.2,41,18073,95.9,82,19043,100.1,2019
452,Raptors,41,812822,19824,100.1,41,18239,95.7,82,19032,98.0,2019
453,Heat,41,805264,19640,100.2,41,18176,95.5,82,18908,97.9,2019
454,Warriors,41,803436,19596,108.5,41,18790,100.0,82,19193,104.2,2019
455,Trail Blazers,41,799345,19496,100.3,41,17992,96.1,82,18753,98.2,2019
456,Cavaliers,41,793337,19349,99.6,41,17632,92.6,82,18490,96.1,2019
457,NY Knicks,41,779087,19002,95.9,41,17566,93.4,82,18284,94.7,2019
458,Lakers,41,778877,18997,99.7,41,18862,100.3,82,18929,100.0,2019
459,Celtics,41,763584,18624,100.0,41,18671,97.5,82,18647,98.8,2019
460,Nuggets,41,756457,18450,94.5,41,17474,93.6,82,17962,94.1,2019
461,Spurs,41,750616,18307,98.5,41,17381,92.3,82,17844,95.4,2019
462,Jazz,41,750546,18306,100.0,41,17517,93.0,82,17911,96.4,2019
463,Thunder,41,746323,18203,100.0,41,17866,94.7,82,18034,97.3,2019
464,Rockets,41,740392,18058,100.1,41,17921,95.0,82,17989,97.5,2019
465,Bucks,41,721692,17602,101.5,41,18185,95.9,82,17893,98.6,2019
466,Magic,41,720024,17561,93.2,41,17659,92.4,82,17610,92.8,2019
467,Wizards,41,716996,17487,86.2,41,17509,91.8,82,17498,89.0,2019
468,Clippers,41,710327,17325,90.9,41,17233,92.1,82,17279,91.5,2019
469,Kings,41,700975,17096,97.7,41,17199,91.1,82,17148,94.3,2019
470,Pacers,41,689310,16812,92.6,41,17957,93.7,82,17377,93.1,2019
471,Hornets,41,676570,16501,86.5,41,17648,92.8,82,17074,89.7,2019
472,Pistons,41,675963,16486,78.5,41,17819,94.1,82,17153,85.9,2019
473,Pelicans,41,656183,16004,93.1,41,17667,93.4,82,16835,93.3,2019
474,Grizzlies,41,607564,15578,86.0,41,17579,93.3,82,16604,89.8,2019
475,Hawks,41,628440,15327,81.8,41,17786,93.7,82,16557,87.8,2019
476,Timberwolves,41,627543,15305,80.7,41,17641,93.7,82,16473,87.1,2019
477,Suns,41,627023,15293,83.0,41,17982,95.3,82,16638,89.2,2019
478,Nets,41,612597,14941,84.3,41,18085,94.7,82,16513,89.7,2019
479,76ers,35,639491,20628,102.4,38,17706,94.5,73,19122,98.4,2020
480,Mavericks,38,682096,20061,104.5,37,18249,97.6,75,19169,101.2,2020
481,Raptors,36,633456,19795,100.0,36,17789,94.9,72,18792,97.5,2020
482,Heat,36,629771,19680,100.4,37,18127,96.7,73,18891,98.5,2020
483,Trail Blazers,36,608634,19633,101.0,38,17941,96.5,74,18748,98.7,2020
484,Nuggets,37,633153,19186,98.3,36,17163,92.6,73,18190,95.6,2020
485,Celtics,36,610864,19089,102.5,36,18409,97.6,72,18749,100.1,2020
486,Clippers,36,610176,19068,100.0,36,17855,96.1,72,18461,98.1,2020
487,Lakers,35,588907,18997,99.6,36,18877,101.7,71,18936,100.7,2020
488,NY Knicks,33,620789,18811,95.0,33,17767,94.1,66,18289,94.5,2020
489,Bulls,34,639352,18804,89.9,31,17767,94.3,65,18310,91.9,2020
490,Spurs,34,550515,18350,100.0,37,17588,93.5,71,17951,96.5,2020
491,Jazz,35,567486,18306,100.0,37,17261,92.0,72,17767,95.8,2020
492,Thunder,37,600699,18203,100.0,35,17855,95.6,72,18034,97.8,2020
493,Rockets,36,578458,18076,100.1,36,18072,96.6,72,18074,98.3,2020
494,Warriors,34,614176,18064,100.0,31,17454,93.6,65,17773,96.9,2020
495,Cavaliers,36,623576,17816,91.7,29,18254,94.9,65,18014,93.1,2020
496,Bucks,35,549036,17710,102.1,38,17892,94.8,73,17805,98.1,2020
497,Magic,35,529870,17092,90.7,38,17243,92.0,73,17171,91.4,2020
498,Kings,35,520663,16795,95.5,37,17739,94.1,72,17282,94.8,2020
499,Wizards,36,532702,16646,80.8,36,17587,92.2,72,17117,86.3,2020
500,Pacers,36,529002,16531,92.2,37,17297,91.8,73,16914,92.0,2020
501,Pelicans,36,528172,16505,97.9,36,18234,96.7,72,17369,97.2,2020
502,Nets,36,524907,16403,92.5,36,17910,93.7,72,17157,93.1,2020
503,Hawks,34,545453,16042,95.0,33,17786,92.9,67,16901,93.9,2020
504,Grizzlies,37,523297,15857,86.2,36,17508,93.3,73,16670,89.7,2020
505,Suns,39,550633,15732,87.1,34,17660,94.5,73,16622,90.6,2020
506,Pistons,33,509463,15438,75.9,33,17641,93.5,66,16539,84.4,2020
507,Hornets,31,478591,15438,80.9,34,17564,92.2,65,16550,86.8,2020
508,Timberwolves,32,482112,15066,79.4,32,17463,93.4,64,16264,86.4,2020
529,Bulls,41,856148,20881,99.8,41,18198,96.3,82,19556,98.2,2022
530,76ers,41,846867,20655,98.4,41,16589,87.4,82,18622,93.2,2022
531,Mavericks,41,809315,19739,102.8,41,17092,91.5,82,18415,97.2,2022
532,Heat,41,804761,19628,100.1,41,17294,91.5,82,18476,96.0,2022
533,Celtics,41,766240,19156,100.0,41,17583,93.0,82,18360,96.5,2022
534,Raptors,41,547343,18873,95.3,41,17233,91.1,82,17913,92.9,2022
535,Lakers,41,764631,18649,97.8,41,18179,96.9,82,18414,97.3,2022
536,NY Knicks,41,763484,18621,94.0,41,17722,93.9,82,18177,94.0,2022
537,Cavaliers,41,758228,18493,95.2,41,17134,90.4,82,17813,92.8,2022
538,Jazz,41,750546,18306,100.0,41,16898,90.3,82,17610,95.1,2022
539,Warriors,41,740624,18064,100.0,41,18111,96.5,82,18087,98.2,2022
540,Bucks,41,715581,17453,100.6,41,17656,92.9,82,17555,96.6,2022
541,Nets,41,711539,17354,97.9,41,17456,91.6,82,17405,94.6,2022
542,Trail Blazers,41,705608,17209,88.5,41,16559,88.6,82,16888,88.6,2022
543,Hornets,41,700755,17091,89.6,41,17503,92.6,82,17294,91.1,2022
544,Nuggets,41,695262,16957,86.9,41,16864,90.3,82,16911,88.5,2022
545,Clippers,41,694005,16926,88.8,41,16910,90.4,82,16918,89.6,2022
546,Suns,41,679252,16567,91.8,41,17403,93.0,82,16979,92.4,2022
547,Hawks,41,672742,16408,97.2,41,17073,89.2,82,16736,93.0,2022
548,Pistons,41,663556,16184,79.6,41,16752,88.4,82,16468,83.9,2022
549,Timberwolves,41,657148,16028,84.5,41,16811,89.7,82,16419,87.1,2022
550,Grizzlies,41,646785,15775,85.7,41,17740,94.5,82,16757,90.2,2022
551,Rockets,41,638977,15584,86.3,41,16655,88.8,82,16120,87.6,2022
552,Wizards,41,637215,15541,75.4,41,16939,90.1,82,16231,82.4,2022
553,Pelicans,41,635941,15510,92.0,41,16727,88.9,82,16103,90.4,2022
554,Magic,41,622881,15192,80.6,41,17062,89.8,82,16127,85.2,2022
555,Spurs,41,615588,15014,81.8,41,16939,90.3,82,15965,86.0,2022
556,Thunder,41,595112,14877,81.7,41,16638,88.4,82,15768,85.2,2022
557,Kings,41,577583,14439,82.1,41,16598,88.4,82,15532,85.4,2022
558,Pacers,41,588743,14359,80.1,41,16794,88.5,82,15577,84.5,2022
